ang_err_ccw,ang_err_cw,aperture_center_lambda,aperture_top_el,az_err_ccw,az_err_cw,az_err_cw_no_declination,clean_detection,compass_minus_sun_heading,declination,el_err_ccw,el_err_cw,exposure_s,gps_minus_camera_s,group,heading_from_sun,heading_raw,heading_ref,heading_true,image,label_err_compass,label_err_sun,label_facing,lat,local_time,lon,n_bracket,n_competing_peaks,peak_min_channel,pitch,roll,status,sun_above_aperture,sun_az,sun_compact,sun_detected,sun_diam_deg,sun_el,window_facing_compass,window_facing_sun,wx_cloud_cover,wx_dhi,wx_dni,wx_ghi,wx_hour_end_utc
,,5.7,66.8,,,,,,-9.3,,,0.000125,-65.0,20240225/outdoor/1135_E-Bedroom-out,,62.92,M,53.62,R0011713.JPG,-30.7,,90,40.43003,2024-02-25T11:35:55-05:00,-79.9267,9,,101.7,0.0,0.0,ok,False,161.89,,False,,38.77,59.3,,0,86.0,920.3,655.0,2024-02-25T17:00
50.2,61.62,-5.3,73.2,-66.34,-82.7,-73.4,False,-82.7,-9.3,0.31,0.31,0.000125,-67.0,20240225/outdoor/1138_SE-Bedroom-out,171.3,97.95,M,88.65,R0011722.JPG,-51.7,31.0,135,40.43003,2024-02-25T11:40:05-05:00,-79.9267,9,0,255.0,0.0,0.0,ok,False,163.17,False,True,3.82,39.01,83.3,166.0,0,86.0,920.3,655.0,2024-02-25T17:00
58.3,66.82,-11.3,89.2,-78.45,-91.28,-81.98,False,-91.3,-9.3,0.48,0.48,0.000125,-244.0,20240225/outdoor/1146_SW-Bedroom-out,171.8,89.86,M,80.56,R0011740.JPG,-155.7,-64.5,225,40.43003,2024-02-25T11:47:19-05:00,-79.9267,9,0,255.0,0.0,0.0,ok,False,165.43,False,True,5.04,39.39,69.3,160.5,0,86.0,920.3,655.0,2024-02-25T17:00
,,-48.0,57.1,,,,,,-9.3,,,0.000125,-63.0,20240225/outdoor/1156_Kitchen-out,,356.54,M,347.24,R0011767.JPG,,,,40.43003,2024-02-25T11:57:17-05:00,-79.9267,9,,87.4,0.0,0.0,ok,False,168.57,,False,,39.82,299.2,,0,86.0,920.3,655.0,2024-02-25T17:00
,,44.1,59.7,,,,,,-9.3,,,0.000125,-255.0,20240225/outdoor/1158_Dinning-Out,,57.48,M,48.18,R0011776.JPG,,,,40.43003,2024-02-25T12:00:29-05:00,-79.9267,9,,51.6,0.0,0.0,ok,False,169.59,,False,,39.93,92.3,,0,85.0,945.0,696.0,2024-02-25T18:00
,,10.2,23.0,,,,,,-9.3,,,0.000125,-166.0,20240225/outdoor/1208_Living-out,,23.37,M,14.07,R0011803.JPG,,,,40.43003,2024-02-25T12:09:32-05:00,-79.9267,9,,80.1,0.0,0.0,ok,True,172.48,,False,,40.2,24.3,,0,85.0,945.0,696.0,2024-02-25T18:00
,,10.5,80.2,,,,,,-9.3,,,0.000125,-71.0,20240312/1400-out,,50.39,M,41.09,R0011839.JPG,,,,40.45814,2024-03-12T14:02:21-04:00,-79.93252,9,,177.0,0.0,0.0,ok,False,191.93,,False,,45.98,51.6,,40,95.0,894.7,720.0,2024-03-12T19:00
,,2.3,81.8,,,,,,-9.3,,,0.000125,-102.0,20240323/outdoor/1317_E-Bedroom,,61.19,M,51.89,R0011866.JPG,-35.8,,90,40.43,2024-03-23T13:17:47-04:00,-79.9267,9,,56.0,0.0,0.0,ok,False,176.72,,False,,50.95,54.2,,57,349.0,346.0,617.0,2024-03-23T18:00
,,0.2,82.2,,,,,,-9.3,,,0.000125,-373.0,20240323/outdoor/1330_SE-Bedroom,,117.25,M,107.95,R0011902.JPG,-26.9,,135,40.43001,2024-03-23T13:31:49-04:00,-79.9267,9,,130.1,0.0,0.0,ok,False,182.29,,False,,50.98,108.1,,57,349.0,346.0,617.0,2024-03-23T18:00
,,10.8,82.0,,,,,,-9.3,,,0.000125,-344.0,20240323/outdoor/1344_Kitchen,,329.2,M,319.9,R0011938.JPG,,,,40.43002,2024-03-23T13:45:13-04:00,-79.92666,9,,56.8,0.0,0.0,ok,False,187.59,,False,,50.76,330.7,,57,349.0,346.0,617.0,2024-03-23T18:00
,,-20.0,82.4,,,,,,-9.3,,,0.000125,-431.0,20240323/outdoor/1358_SW-Bedroom,,115.37,M,106.07,R0011974.JPG,-138.9,,225,40.43016,2024-03-23T13:59:38-04:00,-79.9269,9,,72.3,0.0,0.0,ok,False,193.2,,False,,50.27,86.1,,57,349.0,346.0,617.0,2024-03-23T18:00
,,,,,,,,,,,,0.000125,,20240324/6311 Darlington Rd/Outdoor/1154_2F_SW,,,,,R0012155.JPG,,,,,,,9,,,0.0,0.0,missing_gps_or_heading_or_time,,,,,,,,,,,,,
,,,,,,,,,,,,0.000125,,20240324/6311 Darlington Rd/Outdoor/1206_2F_SE,,,,,R0012191.JPG,,,,,,,9,,,0.0,0.0,missing_gps_or_heading_or_time,,,,,,,,,,,,,
,,,,,,,,,,,,0.000125,,20240324/6311 Darlington Rd/Outdoor/1220_Kitchen,,,,,R0012227.JPG,,,,,,,9,,,0.0,0.0,missing_gps_or_heading_or_time,,,,,,,,,,,,,
,,,,,,,,,,,,0.000125,,20240324/776 Montclair St/outdoor/1027_kitchen,,,,,R0012010.JPG,,,,,,,9,,,0.0,0.0,missing_gps_or_heading_or_time,,,,,,,,,,,,,
,,,,,,,,,,,,0.000125,,20240324/776 Montclair St/outdoor/1041_Living,,,,,R0012047.JPG,,,,,,,9,,,0.0,0.0,missing_gps_or_heading_or_time,,,,,,,,,,,,,
,,,,,,,,,,,,0.000125,,20240324/776 Montclair St/outdoor/1054_Entry,,,,,R0012083.JPG,,,,,,,9,,,0.0,0.0,missing_gps_or_heading_or_time,,,,,,,,,,,,,
,,,,,,,,,,,,0.000125,,20240324/776 Montclair St/outdoor/1116_Bedroom,,,,,R0012146.JPG,,,,,,,9,,,0.0,0.0,missing_gps_or_heading_or_time,,,,,,,,,,,,,
,,,,,,,,,-9.27,,,0.000125,-65.0,20240326/city view apt/outdoor/1403_living,,270.08,M,260.81,R0012434.JPG,,,,40.44035,2024-03-26T14:05:02-04:00,-79.98667,9,,8.2,0.0,0.0,ok,False,195.91,,False,,51.13,,,100,97.0,0.0,97.0,2024-03-26T19:00
,,,,,,,,,-9.27,,,0.000125,-197.0,20240326/city view apt/outdoor/1416_kitchen,,66.89,M,57.62,R0012470.JPG,,,,40.44016,2024-03-26T14:17:22-04:00,-79.98674,9,,7.6,0.0,0.0,ok,False,200.64,,False,,50.4,,,100,97.0,0.0,97.0,2024-03-26T19:00
,,,,,,,,,-9.27,,,0.000125,-163.0,20240326/city view apt/outdoor/1426_bedroom,,268.02,M,258.75,R0012506.JPG,,,,40.44011,2024-03-26T14:27:02-04:00,-79.98662,9,,8.1,0.0,0.0,ok,False,204.23,,False,,49.7,,,100,97.0,0.0,97.0,2024-03-26T19:00
,,1.3,69.8,,,,,,-9.31,,,0.000125,-106.0,20240326/highland plaza apt/outdoor/1229_living,,291.46,M,282.15,R0012290.JPG,,,,40.45712,2024-03-26T12:30:44-04:00,-79.92505,9,,26.6,0.0,0.0,ok,False,158.48,,False,,50.19,283.5,,100,78.0,0.0,78.0,2024-03-26T17:00
,,171.5,68.0,,,,,,-9.31,,,0.000125,-62.0,20240326/highland plaza apt/outdoor/1248_entry,,81.63,M,72.32,R0012353.JPG,,,,40.45709,2024-03-26T12:49:04-04:00,-79.92506,9,,28.7,0.0,0.0,ok,False,165.51,,False,,51.27,243.8,,100,78.0,0.0,78.0,2024-03-26T17:00
,,0.2,31.4,,,,,,-9.31,,,0.000125,-156.0,20240326/highland plaza apt/outdoor/1305_bedroom,,48.63,M,39.32,R0012398.JPG,,,,40.45713,2024-03-26T13:05:30-04:00,-79.92517,9,,20.3,0.0,0.0,ok,True,172.04,,False,,51.89,39.5,,100,164.0,0.0,164.0,2024-03-26T18:00
,,-8.4,64.4,,,,,,-9.32,,,0.000125,-64.0,20240330/outdoor/1321_bedroom,,24.63,M,15.31,R0012578.JPG,,,,40.44722,2024-03-30T13:22:14-04:00,-79.89582,9,,32.0,0.0,0.0,ok,False,179.34,,False,,53.72,6.9,,99,234.0,53.5,277.0,2024-03-30T18:00
,,14.4,85.2,,,,,,-9.32,,,0.000125,-66.0,20240330/outdoor/1326_bedroom,,356.26,M,346.94,R0012587.JPG,,,,40.44705,2024-03-30T13:26:02-04:00,-79.89581,9,,31.2,0.0,0.0,ok,False,180.94,,False,,53.72,1.3,,99,234.0,53.5,277.0,2024-03-30T18:00
,,-72.6,24.3,,,,,,-9.32,,,0.000125,-64.0,20240330/outdoor/1339_living,,359.97,M,350.65,R0012632.JPG,,,,40.4472,2024-03-30T13:41:14-04:00,-79.89581,9,,17.7,0.0,0.0,ok,True,187.32,,False,,53.51,278.0,,99,234.0,53.5,277.0,2024-03-30T18:00
,,-41.7,77.2,,,,,,-9.32,,,0.000125,-219.0,20240330/outdoor/1405_office,,359.3,M,349.98,R0012713.JPG,,,,40.44722,2024-03-30T14:07:01-04:00,-79.89585,9,,41.9,0.0,0.0,ok,False,197.86,,False,,52.45,308.3,,100,176.0,44.0,210.0,2024-03-30T19:00
,,1.2,87.5,,,,,,-9.31,,,0.000125,-63.0,20240331/6236 5th ave/outdoor/1211_living,,11.63,M,2.32,R0012758.JPG,,,,40.4523,2024-03-31T12:14:04-04:00,-79.92141,9,,82.3,0.0,0.0,ok,False,151.87,,False,,50.82,3.5,,100,286.0,58.5,332.0,2024-03-31T17:00
73.67,8.71,-45.2,89.9,173.74,-14.5,-5.19,False,-14.5,-9.31,0.55,0.55,0.000125,-62.0,20240331/6236 5th ave/outdoor/1240_kitchen,76.3,71.14,M,61.83,R0012839.JPG,,,,40.45234,2024-03-31T12:40:56-04:00,-79.92119,9,0,253.0,0.0,0.0,ok,False,162.22,False,True,3.27,52.83,16.6,31.1,100,286.0,58.5,332.0,2024-03-31T17:00
71.71,69.84,-27.2,89.0,-157.6,-146.93,-137.62,False,-146.9,-9.31,0.14,0.14,0.000125,-68.0,20240331/6311 Darlington Rd/outdoor/1357_living,189.4,51.76,M,42.45,R0012884.JPG,,,,40.43726,2024-03-31T13:58:40-04:00,-79.9185,9,1,255.0,0.0,0.0,ok,False,194.71,False,True,7.9,53.27,15.3,162.2,100,342.0,74.3,402.0,2024-03-31T18:00
,,3.9,69.3,,,,,,-9.31,,,0.000125,-65.0,20240331/6311 Darlington Rd/outdoor/1428_bedroom-NW,,44.32,M,35.01,R0012956.JPG,83.9,,315,40.43737,2024-03-31T14:30:27-04:00,-79.91856,9,,59.0,0.0,0.0,ok,False,207.16,,False,,51.11,38.9,,79,320.0,157.1,442.0,2024-03-31T19:00
4.57,13.85,-0.5,77.0,9.61,29.37,38.63,False,29.4,-9.26,0.27,0.27,0.000125,-64.0,20240421/outdoor/1259_kitchen,160.8,199.45,M,190.19,R0012992.JPG,,,,40.44382,2024-04-21T13:00:27-04:00,-80.00083,9,2,240.7,0.0,0.0,ok,False,170.7,False,True,10.56,61.48,189.7,160.3,100,364.0,54.7,412.0,2024-04-21T18:00
,,-3.1,71.7,,,,,,-9.26,,,0.000125,-203.0,20240421/outdoor/1317_kitchen,,209.54,M,200.28,R0013046.JPG,,,,40.44393,2024-04-21T13:18:39-04:00,-80.00087,9,,153.4,0.0,0.0,ok,False,180.04,,False,,61.76,197.2,,100,364.0,54.7,412.0,2024-04-21T18:00
,,-12.6,23.5,,,,,,-9.31,,,0.000125,-228.0,20240502/outdoor/1334_2F-study,,16.97,M,7.66,R0013154.JPG,,,,40.45389,2024-05-02T13:35:53-04:00,-79.92071,9,,60.0,0.0,0.0,ok,True,191.0,,False,,64.88,355.1,,4,106.0,919.7,938.0,2024-05-02T18:00
,,6.5,22.8,,,,,,-9.31,,,0.000125,-62.0,20240502/outdoor/1339_3F-study,,13.96,M,4.65,R0013163.JPG,,,,40.45406,2024-05-02T13:40:34-04:00,-79.92068,9,,43.5,0.0,0.0,ok,True,193.61,,False,,64.69,11.2,,4,106.0,919.7,938.0,2024-05-02T18:00
51.77,41.51,-2.9,85.0,-168.14,-107.68,-98.38,False,-107.7,-9.31,0.58,0.58,0.000125,-270.0,20240502/outdoor/1356_3F-bedroom,172.6,74.18,M,64.87,R0013226.JPG,,,,40.45389,2024-05-02T13:57:41-04:00,-79.92073,9,5,236.0,0.0,0.0,ok,False,202.78,False,True,6.98,63.67,62.0,169.7,4,106.0,919.7,938.0,2024-05-02T18:00
,,-25.6,31.6,,,,,,-9.31,,,0.000125,-200.0,20240502/outdoor/1417_1F-kitchen,,14.59,M,5.28,R0013289.JPG,,,,40.45389,2024-05-02T14:18:19-04:00,-79.92076,9,,55.1,0.0,0.0,ok,True,212.88,,False,,61.84,339.7,,3,103.0,911.3,895.0,2024-05-02T19:00
35.09,13.55,89.2,86.0,-76.51,27.96,37.27,False,28.0,-9.31,1.18,1.18,0.000125,-65.0,20240502/outdoor/1432_1F-living,166.8,204.06,M,194.75,R0013334.JPG,,,,40.45387,2024-05-02T14:32:15-04:00,-79.92069,9,1,254.0,0.0,0.0,ok,False,219.02,False,True,3.12,60.29,284.0,256.0,3,103.0,911.3,895.0,2024-05-02T19:00
